UserName,FatherName,DateOfBirth,EmailId,CNIC,Password,Address,MobileNumber,Gender,LastPassedExam,LastExamTotalMarks,LastExamObtainedMarks,RegNumber,EnrollmentCourse,SectionName,ParentsEmail,ProfilePicture
Adnan,,10/08/1998,adnan.muhib@rocketmail.com,123456789,P@ssw0rd,UET,3053996778,Male,ICS,1100,924,2015-CS-51,,,parentemail@email.com,/Images/Accounts/ad174636599.png
AHSAN ALI,,11/08/1998,2015-CS-2@gmail.com,36301234567,P@ssw0rd,UET,34512345678,Male,FSC,1100,850,2015-CS-2,,,,/Images/Accounts/ad174636599.png
MUHAMMAD MOHSIN ALI,,12/08/1998,2015-CS-3@gmail.com,36301234568,P@ssw0rd,UET,34512345679,Male,FSC,1100,851,2015-CS-3,,,,/Images/Accounts/ad174636599.png
MUHAMMAD UMAIR,,13/08/1998,2015-CS-5@gmail.com,36301234569,P@ssw0rd,UET,34512345680,Male,FSC,1100,852,2015-CS-5,,,,/Images/Accounts/ad174636599.png
HUSSNAIN HAIDER,,14/08/1998,2015-CS-6@gmail.com,36301234570,P@ssw0rd,UET,34512345681,Male,FSC,1100,853,2015-CS-6,,,,/Images/Accounts/ad174636599.png
FAISAL NADEEM,,15/08/1998,2015-CS-7@gmail.com,36301234571,P@ssw0rd,UET,34512345682,Male,FSC,1100,854,2015-CS-7,,,,/Images/Accounts/ad174636599.png
MUHAMMAD ARSLAN SHAHID,,16/08/1998,2015-CS-8@gmail.com,36301234572,P@ssw0rd,UET,34512345683,Male,FSC,1100,855,2015-CS-8,,,,/Images/Accounts/ad174636599.png
SAQIB AMEEN,,17/08/1998,2015-CS-9@gmail.com,36301234573,P@ssw0rd,UET,34512345684,Male,FSC,1100,856,2015-CS-9,,,,/Images/Accounts/ad174636599.png
ASAD GULZAR,,18/08/1998,2015-CS-10@gmail.com,36301234574,P@ssw0rd,UET,34512345685,Male,FSC,1100,857,2015-CS-10,,,,/Images/Accounts/ad174636599.png
AHSAN HAYAT,,19/08/1998,2015-CS-11@gmail.com,36301234575,P@ssw0rd,UET,34512345686,Male,FSC,1100,858,2015-CS-11,,,,/Images/Accounts/ad174636599.png
ZARYAB RAZA ,,20/08/1998,2015-CS-12@gmail.com,36301234576,P@ssw0rd,UET,34512345687,Male,FSC,1100,859,2015-CS-12,,,,/Images/Accounts/ad174636599.png
GHAZANFAR PERDAKH ,,21/08/1998,2015-CS-13@gmail.com,36301234577,P@ssw0rd,UET,34512345688,Male,FSC,1100,860,2015-CS-13,,,,/Images/Accounts/ad174636599.png
HAMZA AFZAAL,,22/08/1998,2015-CS-15@gmail.com,36301234578,P@ssw0rd,UET,34512345689,Male,FSC,1100,861,2015-CS-15,,,,/Images/Accounts/ad174636599.png
ADNAN AKBAR KHAN,,23/08/1998,2015-CS-16@gmail.com,36301234579,P@ssw0rd,UET,34512345690,Male,FSC,1100,862,2015-CS-16,,,,/Images/Accounts/ad174636599.png
ALI ADNAN ASLAM,,24/08/1998,2015-CS-17@gmail.com,36301234580,P@ssw0rd,UET,34512345691,Male,FSC,1100,863,2015-CS-17,,,,/Images/Accounts/ad174636599.png
MOHAMMAD TALAL HAIDER,,25/08/1998,2015-CS-19@gmail.com,36301234581,P@ssw0rd,UET,34512345692,Male,FSC,1100,864,2015-CS-19,,,,/Images/Accounts/ad174636599.png
ATHAR QAZI,,26/08/1998,2015-CS-21@gmail.com,36301234582,P@ssw0rd,UET,34512345693,Male,FSC,1100,865,2015-CS-21,,,,/Images/Accounts/ad174636599.png
MUHAMMAD ARSAL KHAN,,27/08/1998,2015-CS-23@gmail.com,36301234583,P@ssw0rd,UET,34512345694,Male,FSC,1100,866,2015-CS-23,,,,/Images/Accounts/ad174636599.png
MUHAMMAD NAQI JEHANGIR,,28/08/1998,2015-CS-26@gmail.com,36301234584,P@ssw0rd,UET,34512345695,Male,FSC,1100,867,2015-CS-26,,,,/Images/Accounts/ad174636599.png
MUHAMMAD HUSNAIN IQBAL,,29/08/1998,2015-CS-28@gmail.com,36301234585,P@ssw0rd,UET,34512345696,Male,FSC,1100,868,2015-CS-28,,,,/Images/Accounts/ad174636599.png
MUHAMMAD FAHAD KHAN CHUGHTAI,,30/08/1998,2015-CS-30@gmail.com,36301234586,P@ssw0rd,UET,34512345697,Male,FSC,1100,869,2015-CS-30,,,,/Images/Accounts/ad174636599.png
MUHAMMAD ADNAN,,31/08/1998,2015-CS-51@gmail.com,36301234587,P@ssw0rd,UET,34512345698,Male,FSC,1100,870,2015-CS-51,,,,/Images/Accounts/ad174636599.png
ALI RAZA ,,01/09/1998,2015-CS-52@gmail.com,36301234588,P@ssw0rd,UET,34512345699,Male,FSC,1100,871,2015-CS-52,,,,/Images/Accounts/ad174636599.png
MUHAMMAD ARUANGZAIB,,02/09/1998,2015-CS-53@gmail.com,36301234589,P@ssw0rd,UET,34512345700,Male,FSC,1100,872,2015-CS-53,,,,/Images/Accounts/ad174636599.png
MUHAMMAD RAMZAN,,03/09/1998,2015-CS-54@gmail.com,36301234590,P@ssw0rd,UET,34512345701,Male,FSC,1100,873,2015-CS-54,,,,/Images/Accounts/ad174636599.png
HUSSAIN AHMAD,,04/09/1998,2015-CS-55@gmail.com,36301234591,P@ssw0rd,UET,34512345702,Male,FSC,1100,874,2015-CS-55,,,,/Images/Accounts/ad174636599.png
ABDULLAH NASIR,,05/09/1998,2015-CS-56@gmail.com,36301234592,P@ssw0rd,UET,34512345703,Male,FSC,1100,875,2015-CS-56,,,,/Images/Accounts/ad174636599.png
ZAHID JABBAR,,06/09/1998,2015-CS-57@gmail.com,36301234593,P@ssw0rd,UET,34512345704,Male,FSC,1100,876,2015-CS-57,,,,/Images/Accounts/ad174636599.png
USAMA NASIR,,07/09/1998,2015-CS-59@gmail.com,36301234594,P@ssw0rd,UET,34512345705,Male,FSC,1100,877,2015-CS-59,,,,/Images/Accounts/ad174636599.png
ALI ABID,,08/09/1998,2015-CS-60@gmail.com,36301234595,P@ssw0rd,UET,34512345706,Male,FSC,1100,878,2015-CS-60,,,,/Images/Accounts/ad174636599.png
ATA UR REHMAN,,09/09/1998,2015-CS-61@gmail.com,36301234596,P@ssw0rd,UET,34512345707,Male,FSC,1100,879,2015-CS-61,,,,/Images/Accounts/ad174636599.png
MUHAMMAD TANZEEL SARFRAZ,,10/09/1998,2015-CS-62@gmail.com,36301234597,P@ssw0rd,UET,34512345708,Male,FSC,1100,880,2015-CS-62,,,,/Images/Accounts/ad174636599.png
MALIK MUHAMMAD MURSALEEN,,11/09/1998,2015-CS-64@gmail.com,36301234598,P@ssw0rd,UET,34512345709,Male,FSC,1100,881,2015-CS-64,,,,/Images/Accounts/ad174636599.png
HAMAD JAVED,,12/09/1998,2015-CS-65@gmail.com,36301234599,P@ssw0rd,UET,34512345710,Male,FSC,1100,882,2015-CS-65,,,,/Images/Accounts/ad174636599.png
HAFIZ HASSAN TARIQ,,13/09/1998,2015-CS-67@gmail.com,36301234600,P@ssw0rd,UET,34512345711,Male,FSC,1100,883,2015-CS-67,,,,/Images/Accounts/ad174636599.png
MUHAMMAD DANISH NAZIR,,14/09/1998,2015-CS-68@gmail.com,36301234601,P@ssw0rd,UET,34512345712,Male,FSC,1100,884,2015-CS-68,,,,/Images/Accounts/ad174636599.png
MUHAMMAD ANAS IRFAN,,15/09/1998,2015-CS-69@gmail.com,36301234602,P@ssw0rd,UET,34512345713,Male,FSC,1100,885,2015-CS-69,,,,/Images/Accounts/ad174636599.png
SAMEER AJMAL,,16/09/1998,2015-CS-71@@gmail.com,36301234603,P@ssw0rd,UET,34512345714,Male,FSC,1100,886,2015-CS-71,,,,/Images/Accounts/ad174636599.png
MUSA BIN KASHIF,,17/09/1998,2015-CS-72@@gmail.com,36301234604,P@ssw0rd,UET,34512345715,Male,FSC,1100,887,2015-CS-72,,,,/Images/Accounts/ad174636599.png
AHMED BILAL,,18/09/1998,2015-CS-73@@gmail.com,36301234605,P@ssw0rd,UET,34512345716,Male,FSC,1100,888,2015-CS-73,,,,/Images/Accounts/ad174636599.png
HAKIM TABISH,,19/09/1998,2015-CS-77@gmail.com,36301234606,P@ssw0rd,UET,34512345717,Male,FSC,1100,889,2015-CS-77,,,,/Images/Accounts/ad174636599.png
